usforyoucomau,broker_news
bhived41,mgic
wafflycat,wafflycat
va_computingjob,va_computingjob
va_softwarejobs,va_softwarejobs
vancouver__jobs,vancouver__jobs
lexisnexisaus,leoniecchapman
atiunitjamaica,leoniecchapman
lexisnexisaus,lawyalinsights
atiunitjamaica,lexisnexisaus
atiunitjamaica,lawyalinsights
aidansheart,sduncovered
peterdavidscot2,bbcnews
peterdavidscot2,bbcworld
fintechux,oakamltd
reginakseabrun,reginakseabrun
bhived28,mgic
hsbc_uk_help,donnysp
kentsavers,kentsavers
kentsavers,kentsavers
gordonahunt,kentsavers
gordonahunt,kentsavers
purpleshoots,purpleshoots
barbara_boychuk,idtheftsupport
askamex,stajak
newyork__jobs,newyork__jobs
newyork__jobs,newyork__jobs
emd_ct,emd_ct
manujgrover,financeconrad
manujgrover,sbmeunier
sbmeunier,financeconrad
financeconrad,sbmeunier
oscarjofre,sbmeunier
oscarjofre,financeconrad
rubinakharel,chandangoopta
jxldylfjz,chandangoopta
jxldylfjz,rubinakharel
paulblucid,paulblucid
markandrew769,markandrew769
fundingknight,financeconrad
michiganclothes,michiganclothes
sustainalytics,sustainalytics
sacoss,cashconverters
sacoss,gerardbrody
jobsredwoodcity,jobsredwoodcity
vanflippers,alderlaneeggs
penultsquire,alderlaneeggs
vanflippers,vanbubblewatch
penultsquire,vanbubblewatch
vanflippers,fivre604
penultsquire,fivre604
vanflippers,hmacbe
penultsquire,hmacbe
penultsquire,vanflippers
beyondbeeton,beyondbeeton
emilypud,natwest_help
mondaq,mondaq
_consumerhealth,_consumerhealth
bankcustomers,bankcustomers
jameswinfordman,bankcustomers
silcottss,sofi
mbanner_8,lacoconsumidor
mbanner_8,laopinionla
mbanner_8,mike_feuer
mbanner_8,cityattorneyla
bexjcunningham,bexjcunningham
paulrosario101,fastft
paulrosario101,financialtimes
claudioarrepol,fastft
claudioarrepol,financialtimes
brknewsalerts,fastft
vinks_o_7,fastft
ankhinvestments,fastft
ankhinvestments,financialtimes
pinkprgroup,pinkprgroup
investinglatest,investinglatest
jamesroy,jamesroy
financialtimes,fastft
fastft,fastft
joetea48,fastft
joetea48,financialtimes
streetshares,streetshares
designopinion,streetshares
news_cbinsight,news_cbinsight
mkdpai,mkdpai
catherinee506,catherinee506
ruinedbyslots,ruinedbyslots
diversity__jobs,diversity__jobs
banking_job,banking_job
britty_bart,britty_bart
fullirishnews,fullirishnews
finanzlinkswelt,finanzlinkswelt
ivojenik,mfgateway
ivojenik,ivojenik
cyclenomad,calvert_fdn
janmacz,janmacz
ki_sekiya,ki_sekiya
training8m,training8m
murraybeith,murraybeith
murraybeithprop,murraybeithprop
proprinters,proprinters
cloudlending,cloudlending
benfitzg,benfitzg
google_nnews,google_nnews
rickinnovate,rickinnovate
simonlibp,rickinnovate
absa,lulu_lets
archima,archima
joelocity,joelocity
madisonjobsx,madisonjobsx
madisonjobsx,madisonjobsx
fairshare_cu,telfordcab
catwoman33,telfordcab
fairshare_cu,moneyaware
catwoman33,moneyaware
fairshare_cu,stepchange
catwoman33,stepchange
catwoman33,fairshare_cu
pabesteves,pabesteves
emzingo,emzingo
rachelpickel,lendup
roomeezon,jmmtweets
jmmtweets,jmmtweets
bot_innovation,jmmtweets
len_badblokes,bankofireland
findharryajob,oliverkamm
findharryajob,iainmartin1
findharryajob,toadmeister
findharryajob,j_razor101
sharebizgrowth,sharebizgrowth
prasadeepak,prasadeepak
therealrevk,amigoloans
4pint,4pint
mslloyd20,lib_thinks
santanderukhelp,victrix75
nayasala,capaction
mesp13,capaction
dawnieangel76,capaction
leader2501,capaction
leader2501,talkpoverty
cojojojojo,talkpoverty
franrosebush,talkpoverty
krants31,talkpoverty
janiecestaton,talkpoverty
janiecestaton,assetsnaf
justdel1,talkpoverty
unitedwaykern,talkpoverty
unitedwaykern,assetsnaf
sunnyshaw7,talkpoverty
ininstitute,talkpoverty
ininstitute,assetsnaf
shellylazoff,capaction
uwsv_advocate,talkpoverty
uwsv_advocate,assetsnaf
nextgenpf,talkpoverty
nextgenpf,assetsnaf
gtownlawpovcntr,talkpoverty
justharvest,capaction
myactivism,talkpoverty
myactivism,capeconomy
dominiclindley,talkpoverty
dominiclindley,capeconomy
floridaalliance,talkpoverty
floridaalliance,capeconomy
marcoramirez,talkpoverty
raq_steady,talkpoverty
messybeckie,lbc
sthmcrcusheen,fairforyoucic
sthmcrcusheen,sallybeswick
sthmcrcusheen,lwmintrasadler
lwmintrasadler,fairforyoucic
fairforyoucic,sallybeswick
fairforyoucic,lwmintrasadler
adrianoldman,fairforyoucic
lwmintrasadler,sallybeswick
adrianoldman,sallybeswick
adrianoldman,lwmintrasadler
kennedyjacqui,askjames
askjames,askjames
bhamts,askjames
assetsnaf,talkpoverty
talkpoverty,assetsnaf
halfinten,assetsnaf
halfinten,talkpoverty
halfinten,capaction
halfinten,talkpoverty
halfinten,capeconomy
halfinten,talkpoverty
beaugheyen,talkpoverty
noloconsulting,talkpoverty
frost_ed,gbouqueau
heyheybodie,heyheybodie
katannsky2,talkpoverty
katannsky2,capeconomy
_austinjobs_,_austinjobs_
liza_gcsw,liza_gcsw
liza_gcsw,liza_gcsw
1819peterloo,capitalone
1819peterloo,rockcliffefiles
rockcliffefiles,capitalone
p3rown,capitalone
p3rown,rockcliffefiles
cdf_sro,talkpoverty
capaction,capaction
talkpoverty,capaction
redot2005,capaction
faxlessloansca,faxlessloansca
jobsnewyorkorg,jobsnewyorkorg
smartjobs_in,smartjobs_in
katydidnz,andybmilne
katydidnz,andrewkaynz
incredosupport,incredosupport
job_anchorage,job_anchorage
_anchoragejobs_,_anchoragejobs_
projsubterranya,projsubterranya
marfree,marfree
s54elas,s54elas
kcherrick,naynerz
thomasfeary,thomasfeary
haps_business,consumer_action
corruptnsw,asicmedia
tonyboydafr,tonyboydafr
youngchris27040,tonyboydafr
msamone77,asicmedia
abh0147,asicmedia
richard_nostrum,ft
consumersfedau,consumersfedau
boricuatimes,boricuatimes
dualaustralia1,dualaustralia1
sharpielaw,dualaustralia1
nicolahowell7,nicolahowell7
nicolahowell7,asicmedia
pgutacker,whitzerland
lcs1122,21stmortgage
ciminfo_finance,ciminfo_finance
ciminfo_finance,ciminfo_finance
jaclynneysa,talkpoverty
geoffrey_payne,asicmedia
geoffrey_payne,choiceaustralia
geoffrey_payne,umihm
societealliance,societealliance
societealliance,societealliance
juanmb23,edwardmontal
juanmb23,spaghetti_spill
birdsflystudio,asicmedia
birdsflystudio,choiceaustralia
birdsflystudio,umihm
erinlturner,asicmedia
erinlturner,choiceaustralia
erinlturner,umihm
umihm,choiceaustralia
choiceaustralia,asicmedia
choiceaustralia,umihm
arieboles,choiceaustralia
umihm,asicmedia
arieboles,umihm
arieboles,asicmedia
blckseattle,blckseattle
basspro1o1,basspro1o1
equilibratediva,equilibratediva
the1000project,the1000project
caribesocial_,caribesocial_
opajdara,opajdara
jmvva,jmvva
j_innovacion,j_innovacion
nonprofitdial,nonprofitdial
inn4socchange,ssireview
itsvivoimage,itsvivoimage
ipa_us,ssireview
politicaformula,ssireview
chngchicago,ssireview
chngnewark,ssireview
chngraleigh,ssireview
chngwestchester,ssireview
chngbaltimore,ssireview
chngwichita,ssireview
chnghartford,ssireview
chngbuffalo,ssireview
chngtampa,ssireview
chnglasvegas,ssireview
chngdc,ssireview
chngphoenix,ssireview
chngtriangle,ssireview
chngmontreal,ssireview
chngannarbor,ssireview
chngberkeley,ssireview
chngmtgycounty,ssireview
chngsacramento,ssireview
chngnorthshore,ssireview
chngfortworth,ssireview
chngottawa,ssireview
chngbrooklyn,ssireview
chngnola,ssireview
chngwinnipeg,ssireview
chngboise,chngboise
chngboise,ssireview
chngcleveland,ssireview
chngquebeccity,ssireview
chngmarincounty,ssireview
chngedmonton,ssireview
chngrochester,ssireview
chnglouisville,ssireview
chngatlanta,ssireview
chngknoxville,ssireview
fargojournal,ssireview
chnglittlerock,ssireview
chngsantafe,ssireview
chngtucson,ssireview
chngcalgary,ssireview
chngportland,ssireview
chngvancouver,ssireview
chnglongisland,ssireview
chngabq,ssireview
chngtoronto,ssireview
chngaustin,ssireview
chngbergen,ssireview
chngtwincities,ssireview
chngboulder,ssireview
chnglosangeles,ssireview
castrogabby,ssireview
stuarthorrex,stuarthorrex
andyg00d,ssireview
gatherwell,ssireview
cynthiajaggi,ssireview
sunnyk8quist,ssireview
benderboysclub,benderboysclub
jobfindlysea,jobfindlysea
netikar,ssireview
yagu4mp,asicmedia
ingoodwetrust3,ingoodwetrust3
niall_sprout,sproutfinance
annemsia,annemsia
jobsinmadison1,jobsinmadison1
andrewhanauer,andrewhanauer
job_wisconsin,job_wisconsin
adsensejobcom,adsensejobcom
chhsm,ssireview
jobsinchicago1,jobsinchicago1
chicago__jobs,chicago__jobs
marketingjobs7,marketingjobs7
tasimir,tasimir
adityaskarnik,porinju
rajesham75,porinju
shobhit2912,porinju
georgecj,porinju
melpundul,porinju
dickeymoe,porinju
moneymystery,porinju
dvji,porinju
dkdk1967,porinju
dkarthiks,porinju
sangha22g,porinju
bluntycorner,porinju
srijiyogesh,porinju
sanchaary,porinju
jigerlinux,porinju
khamboj,porinju
being_virendra,porinju
jatindoshi73,porinju
anoojgupta,porinju
1906dkdinesh,porinju
kajitkumar,porinju
geet19s,porinju
okaynats,stephaniebiebs_
expertini,expertini
rajeev_arora64,porinju
rakesh_pai,porinju
paprayil,porinju
mashranivivek,porinju
legaleagle2010,legaleagle2010
pranjanraut,porinju
rrodxx,stephaniebiebs_
heavydishongry,thekeelo_g
phamilydoc,phuckingroovin
phamilydoc,aaronecarroll
phamilydoc,berniesanders
npeckumn,jennanathan
sofi,bebrown2
social_indigo,social_indigo
ilattorneyjobs,ilattorneyjobs
mahavir117,porinju
1shankarsharma,nikhilmjain
income_max,toyourcredit
mcnabgareth,toyourcredit
mcnabgareth,income_max
mortgagedaily1,bankofamerica
thischeena,porinju
freepress_in,porinju
financialaccess,ssireview
martinmilicaj,stefanlinge
tonitonytone77,sofi
jennjohn77,sofi
jennjohn77,tonitonytone77
jobsyellow,jobsyellow
jobsyellow,jobsyellow
jobsyellow,jobsyellow
jobsyellow,jobsyellow
jobsyellow,jobsyellow
jobsyellow,jobsyellow
jobsyellow,jobsyellow
aalap5,vikramkotak
vikramkotak,vikramkotak
moneyworks4u_fa,vikramkotak
ldellapiana,capfaith
ldellapiana,capeconomy
forajustsociety,capfaith
forajustsociety,capeconomy
npaction,capfaith
npaction,capeconomy
dvwetherell,capfaith
dvwetherell,capeconomy
merton_g3,capfaith
merton_g3,capeconomy
crabbrnjca,repbonnie
crabbrnjca,repsires
crabbrnjca,repdonaldpayne
crabbrnjca,billpascrell
crabbrnjca,donaldnorcross
crabbrnjca,frankpallone
crabbrnjca,cfpb
crabbrnjca,crabbrnjca
pghwrites,calvertinvests
branddonator,calvertinvests
branddonator,pghwrites
_globalcareers,_globalcareers
knaldnl1,askamex
knaldnl1,askamex
knaldnl1,askamex
huttonif,ifethicssociety
huttonif,madnitahir
bakorboy,godayca
efgbricklayer,sentifi_uk
greggeanderson,greggeanderson
billwattscrowe,billwattscrowe
sarahjedel,moneyjoev
moneyjoev,sarahjedel
amprog,amprog
moneyjoev,amprog
moneyjoev,amprog
moneyjoev,talkpoverty
moneyjoev,talkpoverty
moneyjoev,capeconomy
moneyjoev,moneyjoev
lakeshawomack,eventbrite
lakeshawomack,bdickersonjr
lakeshawomack,lakeshawomack
lakeshawomack,lakeshawomack
lakeshawomack,lakeshawomack
rkloch,rkloch
kalraarjun,rkloch
lisa4autism,lisa4autism
ukbondnetwork,davidprosserind
1_off,vexmark
macronomics1,vexmark
vexmark,vexmark
zamtradeco,vexmark
stianwestlake,jameshurley
jameshurley,jameshurley
hockin_diane,jameshurley
79ceano,bankofireland
growthstreetuk,nesta_uk
growthstreetuk,cambridgealtfin
growthstreetuk,thefca
growthstreetuk,scottmurphy89
neilcubley,bankofireland
bankofireland,bankofireland
boicorporate,bankofireland
lmdagency,lmdagency
lukeiwc,nesta
_emeta,_emeta
helenli68286883,helenli68286883
rmitchrandall,rmitchrandall
searchresume,searchresume
cameomicro,cameomicro
krishnamurarit2,porinju
johnnydub69,mrrae1000
margaritas_loan,amnesty11
oldmantgc,60mins
stevescicluna,grayconnolly
grayconnolly,stevescicluna
timqfadvice,timqfadvice
timqfadvice,timqfadvice
jphilt1,alanc_cp
lacrossewiscons,lacrossewiscons
joleneg1984,fingersflying
mite72,fingersflying
hauckers,fingersflying
money_advice,justinwelby
albertarabbit,justintrudeau
heatherrenwick,emgfind
heatherrenwick,ruthdunlop1
heatherrenwick,albertarabbit
albertarabbit,emgfind
emgfind,ruthdunlop1
emgfind,albertarabbit
ontarible,emgfind
albertarabbit,ruthdunlop1
ontarible,ruthdunlop1
ontarible,albertarabbit
hashtag2112,hashtag2112
hashtag2112,hashtag2112
stephaniebiebs_,stephaniebiebs_
stephaniebiebs_,stephaniebiebs_
centralbank_ie,centralbank_ie
finanzlinksus,centralbank_ie
finanzlinksus,finanzlinksus
kathleencengel,kathleencengel
talkpoverty,talkpoverty
talkpoverty,capeconomy
capeconomy,talkpoverty
capeconomy,capeconomy
californiajob_,californiajob_
777cathcart,alankohler
athompsonnareb,athompsonnareb
earthlymails,earthlymails
all10thingsnews,all10thingsnews
24h_actualidad,24h_actualidad
rfrederocks,hillaryclinton
cbriggs500,cbriggs500
picturehouse_au,picturehouse_au
ozstomper,smh
ozstomper,jtepper2
ozstomper,linzcom
freedomfirstcu,freedomfirstcu
prosserda,freedomfirstcu
ddayen,jblumgart
fingersflying,fingersflying
fingersflying,fingersflying
gabegfolls,dena_beth
searchermortgag,searchermortgag
themaninthecity,themreportnews
themaninthecity,themreportnews
revolution9now,kathrynkunkel
revolution9now,mmflint
ssireview,ssireview
signalhillspot,ssireview
signalhillspot,ssireview
signalhillspot,ssireview
edixon1213,berniesanders
edixon1213,tjmshow
edixon1213,msnotmrstrice
neuvoosanleand,neuvoosanleand
bcappliedecon,bcappliedecon
iamjowilamarca,iamjowilamarca
seanbankofirl,seanbankofirl
johnfod67,seanbankofirl
rrjayaraman1,idbi_bank
rrjayaraman1,etnowlive
murmiles,murmiles
tribalecommerce,tribalecommerce
suzettepetillo,tribalecommerce
jstempak,jstempak
eddietainoking,c_do_fo_sho
sluggod54,c_do_fo_sho
eddietainoking,sluggod54
sluggod54,eddietainoking
1laurarodrigues,damian57
damian57,1laurarodrigues
buzzz83,buzzz83
durhamsbstore,durhamsbstore
durhamsbstore,durhamsbstore
theatreafrica,midnight
stevens947,midnight
stevens947,theatreafrica
argylecharlotte,linkedin
alexander_ball,hsbc_uk
lordfoxworth,hsbc_uk
lordfoxworth,alexander_ball
sunilkhokale,sunilkhokale
liberisuk,liberisuk
chiphousing,chchousing
chiphousing,selfhelpent
selfhelpent,chchousing
selfhelphome50,chchousing
selfhelphome50,selfhelpent
1personalloans,1personalloans
mythicagothiga,twhiddleston
mythicagothiga,writerchick10
mythicagothiga,j3wls
themusiccashier,themusiccashier
trnresearch,trnresearch
naolloan,naolloan
grswo,asicmedia
consumer_action,consumer_action
consumer_action,consumer_action
lyndsayfarlow,consumer_action
lyndsayfarlow,asicmedia
larryschles,anz_au
dfa_analyst,dfa_analyst
dfa_analyst,dfa_analyst
gerardbrody,cashconverters
gerardbrody,austbankers
gerardbrody,anz_au
gerardbrody,westpac
gerardbrody,asicmedia
patrickdurkin,asicmedia
patrickdurkin,asicmedia
zhanginu,asicmedia
3novicessydney,3novicessydney
brettwalkertogo,brettwalkertogo
chuckles_ii,chuckles_ii
signature_loan,signature_loan
signature_loan,signature_loan
sisir_saha,sisir_saha
dwallace4usp,dwallace4usp
rottenonly,rottenonly
finstd,finstd
timebase,timebase
timebase,timebase
timebase,timebase
timebase,timebase
davidvcourt,davidvcourt
noesdailytaxtip,noesdailytaxtip
noesdailytaxtip,noesdailytaxtip
boytjieharris,fnbsa
onestopbrokers,onestopbrokers
vishesh81,onestopbrokers
legendpix,4corners
legendpix,simonlongstaff
legendpix,abcreligion
realbiggestidea,resp_finance
mcsmithdn,resp_finance
hugh_rolo,resp_finance
socentlive,resp_finance
tranportdrctory,tranportdrctory
berniejudd,berniejudd
shoppingcrave1,shoppingcrave1
kenaimmareshal1,kenaimmareshal1
kenaimmareshal1,kenaimmareshal1
bigsocietycap,resp_finance
ucit_ltd,resp_finance
3ci_cu,ellieraeward
3ci_cu,pioneerspost
arlalabama,arlalabama
arlalabama,arlalabama
kc_esq,kc_esq
doddfrankupdate,kc_esq
aliboomaye,pioneerspost
anideanation,anideanation
matroked,nzherald
matroked,doubledworks
cliffprior,ogunte
bright_ideas,ogunte
lphassociates,five_lamps
numbersforgood,fncematters
numbersforgood,resp_finance
numbersforgood,pioneerspost
fredsglos,resp_finance
fredsglos,pioneerspost
fredsglos,resp_finance
fredsglos,pioneerspost
kunnathravi,kunnathravi
asicmedia,asicmedia
asicmedia,asicmedia
bartlettdavid2,asicmedia
bartlettdavid2,asicmedia
meeranpatel,resp_finance
meeranpatel,pioneerspost
msifunding,msifunding
fredssurrey,resp_finance
fredssurrey,pioneerspost
hindu_mango_man,madhukishwar
itgeniegroup,madhukishwar
ularuvaayan,madhukishwar
cc69fab321dd4e6,madhukishwar
kamleshhtiwari,madhukishwar
amolshuklaas,madhukishwar
always_salil,madhukishwar
aggopal15,madhukishwar
adityabhaskar89,madhukishwar
socialmediatbn,madhukishwar
sorukushwaha,madhukishwar
ayush_lfc,madhukishwar
delrastogi,madhukishwar
worldjat,madhukishwar
bang_lalit,madhukishwar
priyanshu26,madhukishwar
meetuttam,madhukishwar
iamsunilbhosele,madhukishwar
sudhir_gaur,madhukishwar
ratnaraoaca,madhukishwar
arnava30,madhukishwar
aurumcom,madhukishwar
viinod_jainn,madhukishwar
vickypats66,madhukishwar
racervin,madhukishwar
usheelvant,madhukishwar
manish365,madhukishwar
gajaakesari,madhukishwar
anandiitg,madhukishwar
bhushangorey,madhukishwar
herculespuri,madhukishwar
princerk15k,madhukishwar
nerolu_praveen,madhukishwar
hangoutwithpk,madhukishwar
ashishshaheb,madhukishwar
techieguy_12,madhukishwar
169amol,madhukishwar
dhargeminiint,madhukishwar
rpandya72,madhukishwar
gowrishankar_in,madhukishwar
kalpeshmak16,madhukishwar
tapanpokar,madhukishwar
nishigoyal,madhukishwar
sushilkarwa,madhukishwar
neelnabh,madhukishwar
kuldeepdixit28,madhukishwar
sapnamodgil,madhukishwar
hanumadu,madhukishwar
kumrahular,madhukishwar
durga73383355,madhukishwar
eskaysreekumar,madhukishwar
janakigopi,madhukishwar
lakshmisrikant7,madhukishwar
prathikdevadig2,madhukishwar
rajs51,madhukishwar
desai_rishikesh,madhukishwar
padma_voice,madhukishwar
sjainca,madhukishwar
anoopverma77,madhukishwar
mukesh_veda,madhukishwar
vgarg01,madhukishwar
bithika11,madhukishwar
guyyogi,madhukishwar
michelerigby,michelerigby
diwakarr85,madhukishwar
hariwanshk,hariwanshk
love_in_dia,hariwanshk
idhairya,madhukishwar
mahanteshb2,madhukishwar
vikram_baheti,madhukishwar
dksun9871,madhukishwar
shobhitmahant,madhukishwar
maneeshsaxena,madhukishwar
gandhi18581,madhukishwar
kgopz,madhukishwar
prabhalight,madhukishwar
kaynyk,madhukishwar
4dc67d8bcf54430,madhukishwar
9_scorp,madhukishwar
kashyapamuni,madhukishwar
nocountry4women,madhukishwar
ambalalpatel7,madhukishwar
karthic12345,madhukishwar
sanepolitics14,madhukishwar
jananee009,madhukishwar
nationalist_007,madhukishwar
puneez18,madhukishwar
sanjaysaxena007,madhukishwar
mathurarvinds,madhukishwar
nitishthukral,madhukishwar
honestology,madhukishwar
pathaksham,madhukishwar
rraj462,madhukishwar
swabhimannilesh,madhukishwar
abhibabu1989,madhukishwar
kriris3322,madhukishwar
sdhakad83,madhukishwar
tripureshdixit,madhukishwar
vivekas,madhukishwar
sunil_rawat21,madhukishwar
zaffsanjay,madhukishwar
kapilkawatra,madhukishwar
me_mrityunjay,madhukishwar
prads_09,madhukishwar
balmahadev,madhukishwar
ozymandias1993,madhukishwar
tarunited,madhukishwar
kumar_ashith,madhukishwar
pgundawar,madhukishwar
varundutta2381,madhukishwar
dhartweets,madhukishwar
invertedcuff,madhukishwar
ask_saffron,madhukishwar
shoksing,madhukishwar
ishuvashisht,madhukishwar
sidu3081,madhukishwar
crypto_ashotta,madhukishwar
ram4bharatiyata,madhukishwar
lzylion,madhukishwar
aolseva,madhukishwar
007lalitk,madhukishwar
socinclusionus,socinclusionus
aashishmisra,madhukishwar
abhijeetkum,madhukishwar
chortlekid,madhukishwar
dr_dhananjayk,madhukishwar
vamsigvamsi,madhukishwar
chetanrajchauh1,madhukishwar
yogivyas1,madhukishwar
kp2888,madhukishwar
vendorfinancein,vendorfinancein
vendorfinancein,vendorfinancein
edwardharkins,pioneerspost
deep_37_2000,madhukishwar
eccentricraj,madhukishwar
mahesh_shanka,madhukishwar
gregceo,latrobefin
kuvalayamala,madhukishwar
asswesee,madhukishwar
crazydiode,madhukishwar
rumishintoxctng,madhukishwar
moturameshprab1,madhukishwar
category5moron,madhukishwar
sridharpaladugu,madhukishwar
nisha__hindu,madhukishwar
sujitonly,madhukishwar
aravindnsind,madhukishwar
pskulkarni,madhukishwar
viveksonkhla,madhukishwar
imkunalagarwal,madhukishwar
shriniwas09,madhukishwar
rahulvig78,madhukishwar
nkumarkv,madhukishwar
sadhuvaad,madhukishwar
koolso,madhukishwar
tagarwalla,madhukishwar
harbincapital,thevijaymallya
harbincapital,timesnow
aeroomkar,madhukishwar
ajaykoppad,madhukishwar
mjrajput,madhukishwar
udayakandate,madhukishwar
luvsachin,madhukishwar
vivekkv92,madhukishwar
yogi210875,madhukishwar
adi31141,madhukishwar
bhaskarg77g,madhukishwar
pradeepcgaur,madhukishwar
shubhamint009,madhukishwar
rahul_agarwal05,madhukishwar
lilly_m_pinto,madhukishwar
neeraj_singhh,madhukishwar
hareshvithlani,madhukishwar
mahesh10816,madhukishwar
knaren900,madhukishwar
drhitesh90,madhukishwar
saravananmss,madhukishwar
zasambhu,madhukishwar
anand153,madhukishwar
sukavis,madhukishwar
bhat_susheel,madhukishwar
aahannya,madhukishwar
caprahulchandra,madhukishwar
agnihotrinakul,madhukishwar
murali21272,madhukishwar
vishypolisetti,madhukishwar
nemanakul,madhukishwar
keerthibilugali,madhukishwar
rupeshshukla5,madhukishwar
vkdeals2006,madhukishwar
prasadsureddy,madhukishwar
azharuddinperw2,madhukishwar
gdd1610,madhukishwar
guruprasadalva,madhukishwar
turdcleaner,madhukishwar
sphereheadsays,madhukishwar
flip2win,madhukishwar
mrb2089,madhukishwar
manojgagrawal,madhukishwar
raianoop07kumar,madhukishwar
rajnish323,madhukishwar
anuj_r_pandey,madhukishwar
amolshembekar,madhukishwar
guptab,madhukishwar
srikumarkrishna,madhukishwar
chvarma80,madhukishwar
namo_namah23,madhukishwar
ravichilakala,madhukishwar
theshanbhag,madhukishwar
chocolatelavac1,madhukishwar
vgaravindkrish,madhukishwar
harikharipad,madhukishwar
sanjivani22,madhukishwar
sanemanny,madhukishwar
anujkool23,madhukishwar
chinnagauri,madhukishwar
ankitkanchan,madhukishwar
cpraghav,madhukishwar
desi_brat,madhukishwar
bhoopalp,madhukishwar
0807ankit,madhukishwar
kmrmanish20,madhukishwar
archanachh,madhukishwar
chandan_tndn,madhukishwar
mahikinetics,madhukishwar
vhvohra,madhukishwar
sushkamal,madhukishwar
lavahegde,madhukishwar
saasira,madhukishwar
getit1234,madhukishwar
porinju,porinju
dhruvbhim,porinju
dhruvbhim,madhukishwar
goredhiraj1,madhukishwar
rkgeemail,madhukishwar
anups2511,madhukishwar
akshaychandorka,madhukishwar
h_nischal,madhukishwar
kapilatp,madhukishwar
kmrajiv,madhukishwar
csrinathin,madhukishwar
gary_1980in,madhukishwar
priyamvadhaprem,madhukishwar
spookyscary666,madhukishwar
mangopeople10,madhukishwar
karikadaiboy,madhukishwar
shah_isking,madhukishwar
savarkar5200,madhukishwar
arpitsizzle,madhukishwar
man_bhr,madhukishwar
sigmaiotapi,madhukishwar
fondoflinux,madhukishwar
ajay000yadav,madhukishwar
deepak2006116,madhukishwar
wavehit,madhukishwar
doc__amol,madhukishwar
lrsingh2004,madhukishwar
maya_anilkumar,madhukishwar
krishvarad14,madhukishwar
vakeel4all,madhukishwar
ahinsaproperty,madhukishwar
biswajeetdash,madhukishwar
upma23,madhukishwar
hariktweet,madhukishwar
aarkay_81,madhukishwar
bimalbarot,madhukishwar
intolerantishi,timesnow
vaibhavjoshi_,madhukishwar
aniilkumaranil,madhukishwar
moibedanta,madhukishwar
govindverma1940,madhukishwar
rahul83verma,madhukishwar
kannaas006,madhukishwar
bhidapani,madhukishwar
amoltikam,madhukishwar
neelamrr1974,madhukishwar
anilrajput0701,madhukishwar
raghuramanmenon,madhukishwar
whencutwit,madhukishwar
skfashion02,madhukishwar
modifyindia,madhukishwar
santosh_ray,madhukishwar
123behl,madhukishwar
hetramrathi,madhukishwar
sundarmail,madhukishwar
87f09df9e92543a,madhukishwar
ugly_politics,madhukishwar
sudhirkumar67,madhukishwar
manishshastri74,madhukishwar
ravsd88,madhukishwar
j_malkani,madhukishwar
nation10rivers,madhukishwar
bvijayrao,madhukishwar
sasi137,madhukishwar
rwsupporterguy,madhukishwar
shdixit,madhukishwar
ganarakshasa,madhukishwar
anoop369852,madhukishwar
vijay_rajan,madhukishwar
ctpaydayloans,ctpaydayloans
arun_kunwar,madhukishwar
pramodvr,madhukishwar
drrslamba1,madhukishwar
karan1402d,madhukishwar
ssk4736,madhukishwar
56perumal,madhukishwar
ymethink,madhukishwar
ektat,madhukishwar
nikhil66669809,madhukishwar
alorit,madhukishwar
nikhilug,madhukishwar
saintmuneesh,madhukishwar
renjitweets,madhukishwar
mavericklg,madhukishwar
raghuaiyar,madhukishwar
luckyfresh,madhukishwar
nandkumarjethan,madhukishwar
oldsailor,madhukishwar
pavankk2,madhukishwar
lotusfeetns,madhukishwar
aranjitpatra,madhukishwar
kuldeep_827001,madhukishwar
mr_comet,madhukishwar
girishglg,madhukishwar
cyrushavo,madhukishwar
ajeetj_20,madhukishwar
monty_chadha,madhukishwar
monk_razr,madhukishwar
subbaramank,madhukishwar
sanskriti46,madhukishwar
coldjsingh,madhukishwar
geeta1978,madhukishwar
garg09,madhukishwar
guptas08,madhukishwar
techie10,madhukishwar
ashokhajeri,madhukishwar
kapurpremk,madhukishwar
karnamshiv,madhukishwar
iamalsorajan,madhukishwar
prabhakarlonika,madhukishwar
shaileshslice,madhukishwar
piyushguptadr,madhukishwar
sushil2q,madhukishwar
vrugonnab,madhukishwar
manoj1401,madhukishwar
msudrania,madhukishwar
b2mishra06,madhukishwar
dipakragav,madhukishwar
harshadspatel9,madhukishwar
sleuthstock,madhukishwar
ramchandani2000,madhukishwar
dalbirs49445299,madhukishwar
keshavbedi,madhukishwar
rairaj,madhukishwar
narayanestate,madhukishwar
singhvivek83,madhukishwar
manishbadwal,madhukishwar
guptaash,madhukishwar
rn_bjp,madhukishwar
drrakeshkr082,madhukishwar
manojk679,madhukishwar
brijmohansighra,madhukishwar
jaganniwas,madhukishwar
rnakarnu,madhukishwar
jk7955,madhukishwar
gillparambir,madhukishwar
vaddepallikumar,madhukishwar
nilleo007,madhukishwar
2injury_lawyer,2injury_lawyer
2injury_lawyer,2injury_lawyer
wellingtonlawdc,2injury_lawyer
abajpai1976,madhukishwar
rjptofficial,madhukishwar
khnmurali,madhukishwar
radhika4_,madhukishwar
vshaligrams,madhukishwar
lethalw2010,madhukishwar
adhirajgupte,madhukishwar
makayla19lewis,madhukishwar
puravapakash,madhukishwar
jgopikrishnan70,madhukishwar
moviebala,jgopikrishnan70
moviebala,madhukishwar
amarthakur,amarthakur
amarthakur,amarthakur
narendra_goel,madhukishwar
venky6666,madhukishwar
indianmonk1,madhukishwar
ca_rushabhshah,madhukishwar
sunilsharma_jmu,madhukishwar
giriraj8483,madhukishwar
gopalgtgorur,madhukishwar
mayurvsk,madhukishwar
venatarajan,madhukishwar
theashok1949,madhukishwar
punit25jain,madhukishwar
angel4mheaven,madhukishwar
torchbearer123,madhukishwar
dr_vinay3,madhukishwar
jshankar007,madhukishwar
sachink45782665,madhukishwar
indian_scam,madhukishwar
akshukla9753,madhukishwar
ashby_56,madhukishwar
rajub99,madhukishwar
dhaneshmehra,madhukishwar
sushmithxchxndr,sushmithxchxndr
ashokakumarjha1,madhukishwar
dinipc,madhukishwar
bindasbk,madhukishwar
ekalavya07,madhukishwar
vikrampaliwal1,madhukishwar
anil2653,madhukishwar
shebay420,shebay420
agarwalladinesh,madhukishwar
sumit_oberoi7,madhukishwar
shruti_saurabh,madhukishwar
chinmayadasa,madhukishwar
pioneerspost,ellieraeward
five_lamps,five_lamps
pioneerspost,five_lamps
pioneerspost,tonygreenham
pioneerspost,bwbcharitysocen
charitybank,resp_finance
pioneerspost,charitybank
pioneerspost,thersaorg
pioneerspost,thersaorg
adiguru_dasa,madhukishwar
realanton65,madhukishwar
next_credit,next_credit
next_credit,next_credit
next_credit,next_credit
next_credit,next_credit
next_credit,next_credit
ashu_maddy,madhukishwar
latrobefin,latrobefin
lfshemsworth,latrobefin
khatvanga,madhukishwar
aolpri,madhukishwar
mobilebaytradin,madhukishwar
veda_au,afgonline
bloodchiny,bloodchiny
di_insights,di_insights
di_insights,di_insights
mosessamaha,mosessamaha
directaxis,pravingordhan
directaxis,the_dti
directaxis,aspire_reach_be
directaxis,aspire_reach_be
lisaalesci,cnn
tasmithc012935,cnn
lisaalesci,cnnpolitics
tasmithc012935,cnnpolitics
lisaalesci,sowtrout
tasmithc012935,sowtrout
tasmithc012935,lisaalesci
naylor_joey,97thmonkey
naylor_joey,cupkatech3rry
naylor_joey,samir_dathi
mandmchange,pioneerspost
247moneybox,trustpilotus
shrinipedia,shrinipedia
ethicaladvisers,ethicaladvisers
look4rohit,look4rohit
iconoklastik,shobhit_todi
econjust,altomonte_c
madhukishwar,madhukishwar
thesanemind,madhukishwar
jamieveitch,resp_finance
jamieveitch,pioneerspost
pioneerspost,resp_finance
pioneerspost,resp_finance
pioneerspost,resp_finance
pioneerspost,resp_finance
pioneerspost,resp_finance
pioneerspost,resp_finance
pioneerspost,resp_finance
pioneerspost,pioneerspost
resp_finance,pioneerspost
resp_finance,pioneerspost
resp_finance,pioneerspost
resp_finance,pioneerspost
resp_finance,resp_finance
godayca,godayca
godayca,godayca
godayca,godayca
godayca,godayca
godayca,godayca
godayca,godayca
godayca,godayca
godayca,godayca
godayca,godayca
godayca,godayca
godayca,godayca
godayca,godayca
godayca,godayca
godayca,godayca
godayca,godayca
godayca,godayca
godayca,godayca
godayca,godayca
godayca,godayca
godayca,godayca
godayca,godayca
godayca,godayca
godayca,godayca
godayca,godayca
godayca,godayca
godayca,godayca
fineleg2fineleg,benross_akl
cepfcs_mclennan,cepfcs_mclennan
bearsforchange,cepfcs_mclennan
pimacountydems,shastamarie
shastamarie,shastamarie
steveweichert,shastamarie
timvirga,timvirga
camishravikas,camishravikas
govind4666,camishravikas
andreacrovetto,gregdefelice
bearsforchange,baylordemocrats
baylordemocrats,bearsforchange
andreacrovetto,valeriodemolli
valeriodemolli,stefanofirpo
valeriodemolli,carlotta_action
valeriodemolli,andreacrovetto
carlotta_action,valeriodemolli
andreacrovetto,stefanofirpo
carlotta_action,stefanofirpo
andreacrovetto,carlotta_action
carlotta_action,andreacrovetto
compliancex,compliancex
compliancex,compliancex
compliancex,compliancex
hedgefundsx,hedgefundsx
hedgefundsx,hedgefundsx
wallstjobreport,wallstjobreport
wallstjobreport,wallstjobreport
execgateway,execgateway
execgateway,execgateway
ethinvest_au,ethinvest_au
1cashloanss,1cashloanss
ogunte,ogunte
nickala5,ogunte
microlendingg,microlendingg
microlendingg,microlendingg
microlendingg,microlendingg
microlendingg,microlendingg
microlendingg,microlendingg
microlendingg,microlendingg
microlendingg,microlendingg
microlendingg,microlendingg
microlendingg,microlendingg
microlendingg,microlendingg
microlendingg,microlendingg
searcherloans,searcherloans
searcherloans,searcherloans
searcherloans,searcherloans
